year_month,year,month,n_tenders,n_lots,total_value,n_lots_one_bid,total_value_one_bid,share_one_bid_num,share_one_bid_value,avg_bids,median_bids,avg_lot_value,median_lot_value,zero_lots_month,outlier_total_value,outlier_share_value
2008-04,2008,4,1,1,239252.92,0,0.0,0.0,0.0,7.0,7.0,239252.92,239252.92,0,0,0
2008-05,2008,5,1,1,549845.01,0,0.0,0.0,0.0,4.0,4.0,549845.01,549845.01,0,0,0
2008-06,2008,6,0,0,0.0,0,0.0,NA,NA,NA,NA,NA,NA,1,0,0
2008-07,2008,7,0,0,0.0,0,0.0,NA,NA,NA,NA,NA,NA,1,0,0
2008-08,2008,8,1,1,200390.91,1,200390.91,1.0,1.0,1.0,1.0,200390.91,200390.91,0,0,1
2008-09,2008,9,2,2,480911.08,0,0.0,0.0,0.0,2.5,2.5,240455.54,240455.54,0,0,0
2008-10,2008,10,5,5,1347019.16,0,0.0,0.0,0.0,4.8,5.0,269403.832,277226.6,0,0,0
2008-11,2008,11,10,10,4364610.31,1,1987849.4,0.1,0.45544716682850894,3.0,3.0,436461.03099999996,151931.375,0,0,0
2008-12,2008,12,17,19,6338722.49,1,78546.86,0.05263157894736842,0.012391591542919873,6.315789473684211,5.0,333616.97315789474,125723.33,0,0,0
2009-01,2009,1,52,80,5905150.81,12,1789077.23,0.15,0.30296893128797164,4.0,3.0,73814.385125,9120.0,0,0,0
2009-02,2009,2,47,50,8025253.69,5,462960.68,0.1,0.057687980702327175,5.74,4.0,160505.0738,39970.479999999996,0,0,0
2009-03,2009,3,47,56,5462978.0,3,299293.0,0.05357142857142857,0.05478568648821211,9.071428571428571,5.0,97553.17857142857,24954.5,0,0,0
2009-04,2009,4,55,62,12428575.57,6,186401.74,0.0967741935483871,0.014997836151870458,7.435483870967742,5.0,200460.8962903226,15721.5,0,0,0
2009-05,2009,5,53,65,9736589.92,5,220660.0,0.07692307692307693,0.022662965351631037,8.138461538461538,4.0,149793.69107692307,9255.0,0,0,0
2009-06,2009,6,73,104,20085229.38,9,839738.23,0.08653846153846154,0.04180874482997814,6.028846153846154,5.0,193127.20557692306,10845.5,0,0,0
2009-07,2009,7,75,85,14769829.92,6,1415143.8399999999,0.07058823529411765,0.0958131439336168,6.188235294117647,4.0,173762.70494117646,21695.0,0,0,0
2009-08,2009,8,89,122,11334851.59,21,1173300.8199999998,0.1721311475409836,0.10351267598731743,5.319672131147541,3.0,92908.61959016393,8705.5,0,0,0
2009-09,2009,9,101,139,14589553.51,9,439576.91000000003,0.06474820143884892,0.030129565630552326,6.841726618705036,5.0,104960.81661870504,14017.0,0,0,0
2009-10,2009,10,99,150,10476416.33,23,1664753.06,0.15333333333333332,0.15890482084344582,4.78,4.0,69842.77553333333,7443.5,0,0,0
2009-11,2009,11,110,150,12825675.44,25,1858841.48,0.16666666666666666,0.14493127388852747,4.493333333333333,4.0,85504.50293333334,12022.0,0,0,0
2009-12,2009,12,135,210,12809866.549999999,45,532467.06,0.21428571428571427,0.041566948252087774,3.8904761904761904,3.0,60999.36452380952,6206.0,0,0,0
2010-01,2010,1,71,102,12093457.48,15,793904.76,0.14705882352941177,0.06564745948897982,5.450980392156863,3.0,118563.30862745098,11920.5,0,0,0
2010-02,2010,2,46,80,3870593.41,9,131362.0,0.1125,0.03393846526494241,5.475,4.0,48382.417625,8339.0,0,0,0
2010-03,2010,3,68,105,9356813.34,11,687229.53,0.10476190476190476,0.0734469637287859,4.809523809523809,4.0,89112.508,12180.0,0,0,0
2010-04,2010,4,86,109,10878775.83,11,1890858.42,0.10091743119266056,0.17381169072219038,5.669724770642202,4.0,99805.2828440367,22031.0,0,0,0
2010-05,2010,5,82,125,12362631.87,21,860915.74,0.168,0.06963854857549844,5.408,4.0,98901.05496,14981.0,0,0,0
2010-06,2010,6,87,124,13725583.8,17,710028.5,0.13709677419354838,0.05173029507131055,5.975806451612903,4.0,110690.19193548388,12111.0,0,0,0
2010-07,2010,7,114,148,10325820.15,26,2554393.02,0.17567567567567569,0.24737918953585492,4.587837837837838,3.0,69769.05506756758,13144.0,0,0,0
2010-08,2010,8,122,158,9675178.26,27,1468420.78,0.17088607594936708,0.1517719612537661,4.120253164556962,3.0,61235.30544303797,16766.0,0,0,0
2010-09,2010,9,109,178,8491847.42,40,1894538.99,0.2247191011235955,0.2231009221312646,3.848314606741573,3.0,47707.00797752809,11987.5,0,0,0
2010-10,2010,10,128,176,11873410.87,38,3808255.3,0.2159090909090909,0.32073810480374626,3.539772727272727,3.0,67462.56176136363,15305.0,0,0,0
2010-11,2010,11,124,204,11048121.9,86,1717274.33,0.4215686274509804,0.15543586009853855,2.735294117647059,2.0,54157.46029411765,7057.5,0,0,0
2010-12,2010,12,113,163,7009888.04,30,3464922.0,0.18404907975460122,0.4942906334920579,3.6932515337423313,3.0,43005.44809815951,8275.0,0,0,0
2011-01,2011,1,68,171,18182690.7,50,2326765.0,0.29239766081871343,0.12796593410677112,3.2923976608187133,2.0,106331.52456140351,14927.0,0,0,0
2011-02,2011,2,62,119,15060134.73,19,2046453.0,0.15966386554621848,0.13588543772609396,8.966386554621849,3.0,126555.75403361346,12264.0,0,0,0
2011-03,2011,3,86,210,25150120.51,29,2840329.92,0.1380952380952381,0.11293504215499282,6.328571428571428,5.0,119762.47861904763,10195.810000000001,0,0,0
2011-04,2011,4,79,169,11104337.97,29,2284826.49,0.17159763313609466,0.20575981172158075,5.023668639053255,3.0,65706.14183431953,14777.0,0,0,0
2011-05,2011,5,87,115,9306227.18,18,2662523.0,0.1565217391304348,0.2861012253947577,5.226086956521739,4.0,80923.71460869565,19844.0,0,0,0
2011-06,2011,6,117,213,15269349.37,23,1923667.5,0.107981220657277,0.12598228342194256,4.962441314553991,4.0,71687.08624413145,8915.0,0,0,0
2011-07,2011,7,100,227,15848531.879999999,47,1627593.85,0.20704845814977973,0.10269682153044955,4.466960352422907,3.0,69817.32105726872,18232.0,0,0,0
2011-08,2011,8,120,250,14566466.35,76,1583662.0,0.304,0.10871971018557977,3.676,3.0,58265.865399999995,10203.5,0,0,0
2011-09,2011,9,116,251,15452289.25,85,4953964.36,0.3386454183266932,0.32059743898464754,2.653386454183267,2.0,61562.90537848606,12004.0,0,0,0
2011-10,2011,10,147,288,16504452.17,109,6372670.0,0.3784722222222222,0.3861182385431458,2.892361111111111,2.0,57307.12559027778,4602.0,0,0,0
2011-11,2011,11,144,297,12805582.49,85,2307609.77,0.28619528619528617,0.18020342079729948,3.5723905723905722,2.0,43116.43936026936,7445.0,0,0,0
2011-12,2011,12,245,474,16325842.94,164,4939583.98,0.3459915611814346,0.30256226267481173,3.567510548523207,2.0,34442.70662447257,6353.5,0,0,0
2012-01,2012,1,87,177,8015712.55,54,4734968.32,0.3050847457627119,0.5907108432924033,2.8361581920903953,2.0,45286.5115819209,3665.0,0,0,0
2012-02,2012,2,82,245,11469154.64,83,3482288.0,0.33877551020408164,0.30362202876357763,7.73469387755102,3.0,46812.876081632654,3400.0,0,0,0
2012-03,2012,3,86,166,9621048.48,31,1900920.1099999999,0.18674698795180722,0.19757930894450704,4.524096385542169,3.0,57958.12337349398,8415.5,0,0,0
2012-04,2012,4,70,187,4835585.95,54,2094711.0,0.2887700534759358,0.4331865924128595,3.513368983957219,3.0,25858.748395721926,2339.0,0,0,0
2012-05,2012,5,104,255,7418665.74,47,2215898.2199999997,0.1843137254901961,0.2986922847935186,4.325490196078431,3.0,29092.806823529412,3902.0,0,0,0
2012-06,2012,6,103,191,9272175.1,33,1139631.06,0.17277486910994763,0.1229087077960812,4.979057591623037,3.0,48545.419371727745,9359.0,0,0,0
2012-07,2012,7,135,333,21660197.35,57,3643812.7,0.17117117117117117,0.1682262003951686,4.486486486486487,3.0,65045.63768768769,9824.0,0,0,0
2012-08,2012,8,153,365,19847950.43,73,2035900.69,0.2,0.1025748576499241,4.512328767123288,3.0,54377.94638356164,4395.0,0,0,0
2012-09,2012,9,136,290,11525453.45,68,3351813.0,0.23448275862068965,0.2908183191699065,4.2620689655172415,3.0,39742.94293103448,7414.5,0,0,0
2012-10,2012,10,163,333,14396128.61,110,4512522.2,0.3303303303303303,0.31345386820630805,3.7537537537537538,2.0,43231.61744744745,7212.0,0,0,0
2012-11,2012,11,170,313,11856875.26,93,4356570.55,0.2971246006389776,0.36742990496806494,3.2843450479233227,2.0,37881.390607028756,9240.0,0,0,0
2012-12,2012,12,188,483,12485636.31,211,3286523.61,0.43685300207039335,0.26322435864704435,3.484472049689441,2.0,25850.178695652176,4173.0,0,0,0
2013-01,2013,1,112,293,14919971.78,71,2680811.03,0.24232081911262798,0.17967936330775017,3.7747440273037545,3.0,50921.40539249146,5869.0,0,0,0
2013-02,2013,2,101,253,7683133.78,58,819647.55,0.22924901185770752,0.10668141066782258,4.019762845849803,3.0,30368.117707509882,5764.0,0,0,0
2013-03,2013,3,115,267,17995832.39,43,1585125.01,0.16104868913857678,0.08808289473071715,4.382022471910112,3.0,67400.12131086143,5361.0,0,0,0
2013-04,2013,4,83,159,9039836.98,37,2580076.71,0.23270440251572327,0.28541186259312384,4.119496855345912,3.0,56854.32062893082,10226.1,0,0,0
2013-05,2013,5,107,177,10881181.18,29,1418108.58,0.1638418079096045,0.13032671329896928,6.135593220338983,4.0,61475.59988700565,10597.0,0,0,0
2013-06,2013,6,124,246,14175353.49,33,3755266.63,0.13414634146341464,0.2649152017725097,5.276422764227642,3.0,57623.388170731705,11120.5,0,0,0
2013-07,2013,7,153,242,13491467.56,55,1668223.49,0.22727272727272727,0.12365026136563603,3.8925619834710745,3.0,55749.86595041322,10583.0,0,0,0
2013-08,2013,8,127,248,10342886.87,54,1793709.57,0.21774193548387097,0.1734244599738139,3.6330645161290325,3.0,41705.18899193548,6727.5,0,0,0
2013-09,2013,9,173,313,19054438.49,73,3392377.45,0.23322683706070288,0.17803607552016615,3.373801916932907,3.0,60876.80028753993,7789.0,0,0,0
2013-10,2013,10,166,271,11625498.93,65,1459569.05,0.23985239852398524,0.12554893848327936,3.8450184501845017,3.0,42898.520036900365,8950.0,0,0,0
2013-11,2013,11,181,269,12677407.32,60,2025621.79,0.22304832713754646,0.15978202315897505,3.553903345724907,3.0,47127.908252788104,9842.0,0,0,0
2013-12,2013,12,200,380,13627277.99,106,3477601.76,0.2789473684210526,0.25519416001874634,3.5026315789473683,3.0,35861.25786842105,5832.0,0,0,0
2014-01,2014,1,102,192,10551990.64,51,5430708.09,0.265625,0.5146619510269012,2.921875,2.0,54958.284583333334,8909.0,0,0,0
2014-02,2014,2,91,203,9010452.2,35,1182027.98,0.1724137931034483,0.13118409084951366,4.29064039408867,3.0,44386.464039408864,8243.0,0,0,0
2014-03,2014,3,110,222,27799387.7,36,4020687.86,0.16216216216216217,0.14463224526344515,4.527027027027027,3.0,125222.4671171171,12733.5,0,0,0
2014-04,2014,4,100,199,13125559.379999999,46,1790611.9100000001,0.23115577889447236,0.13642175987778743,3.7386934673366836,3.0,65957.5848241206,11224.0,0,0,0
2014-05,2014,5,105,219,14757898.71,55,1968535.3,0.2511415525114155,0.13338858998036854,3.6027397260273974,3.0,67387.66534246576,9468.0,0,0,0
2014-06,2014,6,117,242,14574903.77,38,3730076.02,0.15702479338842976,0.25592457273561814,4.462809917355372,4.0,60226.87508264463,9454.0,0,0,0
2014-07,2014,7,163,318,19221747.57,60,2378809.16,0.18867924528301888,0.12375613358447617,3.861635220125786,3.0,60445.7470754717,10135.060000000001,0,0,0
2014-08,2014,8,131,237,13697302.92,69,2393327.28,0.2911392405063291,0.17472982046015814,3.3797468354430378,2.0,57794.527088607596,8115.0,0,0,0
2014-09,2014,9,158,244,16463016.97,80,2865335.69,0.32786885245901637,0.1740468162804791,2.80327868852459,2.0,67471.38102459017,13972.0,0,0,0
2014-10,2014,10,142,306,11305564.38,92,2188660.63,0.3006535947712418,0.19359145253038662,3.189542483660131,3.0,36946.288823529416,8029.219999999999,0,0,0
2014-11,2014,11,143,252,18992915.14,71,10004413.91,0.28174603174603174,0.526744516903054,3.3214285714285716,2.0,75368.71087301588,10973.689999999999,0,0,0
2014-12,2014,12,123,218,9433298.72,46,2914907.08,0.21100917431192662,0.30900188433765613,3.36697247706422,3.0,43272.01247706422,12336.5,0,0,0
2015-01,2015,1,79,153,15462407.030000001,47,5267440.37,0.30718954248366015,0.3406610859344323,3.2679738562091503,2.0,101061.48385620916,10885.0,0,0,0
2015-02,2015,2,66,129,5785265.31,20,1206611.27,0.15503875968992248,0.20856628094727778,4.6976744186046515,4.0,44847.01790697674,11048.0,0,0,0
2015-03,2015,3,86,142,6517615.64,21,1010569.26,0.14788732394366197,0.15505198769284897,4.387323943661972,4.0,45898.70169014084,12831.5,0,0,0
2015-04,2015,4,95,152,19188311.27,15,3782172.11,0.09868421052631579,0.19710812779617787,5.217105263157895,4.0,126238.88993421053,21814.0,0,0,0
2015-05,2015,5,109,195,15244673.06,26,1491040.4,0.13333333333333333,0.09780730581309036,4.0,3.0,78177.81056410256,22594.0,0,0,0
2015-06,2015,6,140,307,16028242.22,49,1761931.65,0.15960912052117263,0.10992669226083107,4.381107491856677,4.0,52209.25804560261,8140.0,0,0,0
2015-07,2015,7,140,240,16269510.57,40,2525456.58,0.16666666666666666,0.15522634003857438,3.5458333333333334,3.0,67789.627375,25693.5,0,0,0
2015-08,2015,8,134,210,12460781.25,26,1122116.95,0.12380952380952381,0.09005189381685036,3.7714285714285714,3.0,59337.05357142857,17911.0,0,0,0
2015-09,2015,9,117,244,14301129.64,50,2557486.69,0.20491803278688525,0.17883109617066584,3.4262295081967213,3.0,58611.18704918033,13637.875,0,0,0
2015-10,2015,10,148,239,15298104.79,38,3360630.2,0.1589958158995816,0.2196762439617202,4.2719665271966525,3.0,64008.806652719664,24781.0,0,0,0
2015-11,2015,11,126,204,15317481.36,41,1864601.06,0.20098039215686275,0.12173026466800284,3.7745098039215685,3.0,75085.69294117647,14827.5,0,0,0
2015-12,2015,12,133,236,15022326.91,45,1765767.77,0.1906779661016949,0.1175428933599209,3.4237288135593222,3.0,63653.92758474576,9786.42,0,0,0
2016-01,2016,1,85,182,65191013.38,40,1033425.0700000001,0.21978021978021978,0.01585226270339042,4.7967032967032965,4.0,358192.3812087912,18506.5,0,1,0
2016-02,2016,2,93,104,13475115.9,11,241087.72000000003,0.10576923076923077,0.017891328118372622,4.923076923076923,4.0,129568.42211538462,6746.535,0,0,0
2016-03,2016,3,90,129,10092099.63,17,3551733.6999999997,0.13178294573643412,0.3519320884865263,5.2015503875969,4.0,78233.33046511629,9179.0,0,0,0
2016-04,2016,4,127,182,8792235.69,21,580258.68,0.11538461538461539,0.0659967157909526,5.978021978021978,5.0,48308.9873076923,8194.0,0,0,0
2016-05,2016,5,129,191,18097249.96,28,1124954.47,0.14659685863874344,0.06216162524618187,5.020942408376963,4.0,94749.99979057592,11912.0,0,0,0
2016-06,2016,6,178,276,41885401.6,49,17561002.0,0.17753623188405798,0.419263068495922,6.369565217391305,4.0,151758.70144927537,8551.0,0,0,0
2016-07,2016,7,187,270,20591989.62,57,4022087.23,0.2111111111111111,0.19532290488790563,4.425925925925926,3.0,76266.62822222222,13810.4,0,0,0
2016-08,2016,8,173,253,12174997.76,57,1809084.26,0.22529644268774704,0.14859011029501823,4.383399209486166,3.0,48122.52079051383,11213.0,0,0,0
2016-09,2016,9,141,205,11660729.28,39,1689716.95,0.1902439024390244,0.1449066271436498,4.487804878048781,3.0,56881.60624390244,15040.0,0,0,0
2016-10,2016,10,119,171,13440382.67,20,1942847.8699999999,0.11695906432748537,0.14455301740303797,4.526315789473684,4.0,78598.72906432749,5603.33,0,0,0
2016-11,2016,11,178,251,19666495.44,47,2490118.43,0.18725099601593626,0.12661729374188896,3.9243027888446216,3.0,78352.57147410359,11705.0,0,0,0
2016-12,2016,12,144,192,12215506.66,42,1184070.03,0.21875,0.09693171662517026,4.09375,3.0,63622.43052083333,8234.0,0,0,0
2017-01,2017,1,89,167,16262943.0,29,939404.6,0.17365269461077845,0.05776350565823172,3.9221556886227544,3.0,97382.89221556886,12252.0,0,0,0
2017-02,2017,2,89,162,20885353.7,30,919035.45,0.18518518518518517,0.04400382503457435,4.216049382716049,3.0,128921.93641975308,9671.5,0,0,0
2017-03,2017,3,151,255,20422916.28,37,1573459.43,0.1450980392156863,0.0770438172701553,5.050980392156863,4.0,80089.8677647059,6168.0,0,0,0
2017-04,2017,4,108,159,10899431.49,31,2416741.01,0.1949685534591195,0.22173092350892878,4.169811320754717,3.0,68549.88358490566,8625.0,0,0,0
2017-05,2017,5,135,252,69932262.38,52,4813105.65,0.20634920634920634,0.06882525298332842,4.48015873015873,3.0,277508.97769841267,14503.5,0,1,0
2017-06,2017,6,163,304,25365343.19,49,3073082.05,0.1611842105263158,0.12115278815590902,4.473684210526316,4.0,83438.6289144737,14989.0,0,0,0
2017-07,2017,7,165,280,20821761.18,47,2015706.43,0.16785714285714284,0.09680768176018432,4.089285714285714,3.0,74363.43278571428,14496.2,0,0,0
2017-08,2017,8,126,220,18938584.26,79,4242219.63,0.35909090909090907,0.22399877265165752,2.977272727272727,2.0,86084.47390909091,16839.98,0,0,0
2017-09,2017,9,105,208,19171992.86,55,3287453.77,0.2644230769230769,0.17147167714937278,3.1634615384615383,2.0,92173.04259615384,19357.5,0,0,0
2017-10,2017,10,135,223,25934508.45,55,5317591.17,0.24663677130044842,0.20503921176111592,3.3004484304932737,3.0,116298.24417040359,22290.0,0,0,0
2017-11,2017,11,187,267,24872913.5,62,3432272.34,0.23220973782771537,0.13799237230491715,3.5692883895131087,3.0,93156.97940074907,19490.0,0,0,0
2017-12,2017,12,119,195,13442070.27,53,2373490.52,0.2717948717948718,0.17657179826660735,3.0,2.0,68933.69369230769,17800.0,0,0,0
2018-01,2018,1,89,161,15725944.78,36,4570570.17,0.2236024844720497,0.29063882863259044,3.1677018633540373,2.0,97676.67565217392,24327.73,0,0,0
2018-02,2018,2,79,111,12085967.42,22,2064371.92,0.1981981981981982,0.1708073378208726,3.3963963963963963,3.0,108882.58936936937,7420.0,0,0,0
2018-03,2018,3,112,406,24583948.79,53,5356806.93,0.13054187192118227,0.2178985555070382,3.7118226600985222,4.0,60551.598004926105,10730.0,0,0,0
2018-04,2018,4,105,142,18588388.82,47,2205533.09,0.33098591549295775,0.11865111663830581,3.232394366197183,2.0,130904.14661971832,23747.0,0,0,0
2018-05,2018,5,132,251,19654289.16,61,3755873.93,0.24302788844621515,0.19109691016675773,3.362549800796813,3.0,78303.94087649403,20099.0,0,0,0
2018-06,2018,6,141,234,30322056.02,78,8514580.379999999,0.3333333333333333,0.28080484959146246,2.948717948717949,2.0,129581.43598290598,19886.33,0,0,0
2018-07,2018,7,168,264,24426148.56,93,8216426.66,0.3522727272727273,0.33637831358543085,3.212121212121212,2.0,92523.29,14445.1,0,0,0
2018-08,2018,8,165,273,22838651.37,103,6160337.64,0.3772893772893773,0.2697329864272104,2.9047619047619047,2.0,83658.06362637362,21211.0,0,0,0
2018-09,2018,9,184,285,35984191.45,130,9315061.75,0.45614035087719296,0.2588653899016536,2.526315789473684,2.0,126260.320877193,24441.0,0,0,0
2018-10,2018,10,228,384,26428478.59,131,6231893.69,0.3411458333333333,0.23580221119342157,2.7682291666666665,2.0,68824.16299479167,12084.0,0,0,0
2018-11,2018,11,219,312,17942577.54,104,5624390.32,0.3333333333333333,0.3134661286797482,2.8493589743589745,2.0,57508.26134615384,12473.0,0,0,0
2018-12,2018,12,193,291,25236014.23,97,3249632.19,0.3333333333333333,0.12876962900650574,3.3402061855670104,2.0,86721.69838487972,17521.0,0,0,0
2019-01,2019,1,152,228,22811783.29,84,8433515.35,0.3684210526315789,0.36969995913020093,2.6535087719298245,2.0,100051.68109649123,20870.725,0,0,0
2019-02,2019,2,160,230,24510045.62,80,8653337.58,0.34782608695652173,0.35305269170690345,3.008695652173913,2.0,106565.41573913043,20915.32,0,0,0
2019-03,2019,3,168,227,20480486.35,101,5549128.45,0.44493392070484583,0.27094710326544563,2.488986784140969,2.0,90222.40682819384,13700.0,0,0,0
2019-04,2019,4,199,399,22375255.91,173,7048118.98,0.43358395989974935,0.314996128238696,2.6090225563909772,2.0,56078.33561403509,17999.59,0,0,0
2019-05,2019,5,193,334,28486171.88,79,5177278.649999999,0.23652694610778444,0.18174708317458904,3.661676646706587,3.0,85287.93976047904,16406.275,0,0,0
2019-06,2019,6,214,323,25828654.830000002,123,8588972.22,0.38080495356037153,0.3325365674879786,2.959752321981424,2.0,79964.87563467493,12444.6,0,0,0
2019-07,2019,7,238,342,37831347.13,100,5033250.18,0.29239766081871343,0.13304443436032617,2.982456140350877,2.0,110617.9740643275,28269.125,0,0,0
2019-08,2019,8,204,284,20660475.29,74,5025529.91,0.2605633802816901,0.24324367370350078,2.8732394366197185,2.0,72748.15242957746,19076.98,0,0,0
2019-09,2019,9,174,277,21338241.64,94,3765478.29,0.33935018050541516,0.17646619405327907,3.8231046931407944,2.0,77033.36332129964,13103.06,0,0,0
2019-10,2019,10,256,335,33508959.52,112,4268130.66,0.33432835820895523,0.12737281972161935,2.808955223880597,2.0,100026.7448358209,7557.73,0,0,0
2019-11,2019,11,253,349,42542582.54,117,4101865.18,0.335243553008596,0.0964178696989842,2.997134670487106,2.0,121898.51730659025,12785.3,0,0,0
2019-12,2019,12,215,314,28937161.14,117,6323568.8,0.37261146496815284,0.21852761469606966,2.5859872611464967,2.0,92156.56414012739,16932.0,0,0,0
2020-01,2020,1,135,198,14715826.2,42,2912321.79,0.21212121212121213,0.19790406263428145,3.4494949494949494,3.0,74322.35454545454,21658.5,0,0,0
2020-02,2020,2,173,250,18327192.94,79,3966712.36,0.316,0.2164386206325386,2.76,2.0,73308.77176,12996.415,0,0,0
2020-03,2020,3,157,201,18320040.02,76,4029858.75,0.3781094527363184,0.21996997526209552,2.8507462686567164,2.0,91144.47771144279,11255.0,0,0,0
2020-04,2020,4,118,172,15487849.22,52,3589390.53,0.3023255813953488,0.2317552604634667,3.2848837209302326,2.0,90045.63500000001,19683.5,0,0,0
2020-05,2020,5,147,204,16198615.1,57,5865257.01,0.27941176470588236,0.36208385555133044,3.323529411764706,3.0,79404.97598039215,12746.619999999999,0,0,0
2020-06,2020,6,169,263,30669651.87,73,9314545.23,0.27756653992395436,0.30370560675033836,4.391634980988593,3.0,116614.64589353613,16912.25,0,0,0
2020-07,2020,7,175,236,14603433.32,79,3001898.58,0.3347457627118644,0.20556115224553234,4.461864406779661,2.0,61878.95474576271,12367.0,0,0,0
2020-08,2020,8,193,267,17429029.37,93,2772511.09,0.34831460674157305,0.15907432543387812,3.295880149812734,2.0,65277.26355805244,12066.0,0,0,0
2020-09,2020,9,178,234,17373595.99,86,1976938.81,0.36752136752136755,0.11378984587519468,2.8974358974358974,2.0,74246.1367094017,16803.09,0,0,0
2020-10,2020,10,215,316,22076422.92,101,3423223.27,0.31962025316455694,0.15506240673160648,3.6234177215189876,3.0,69862.09784810127,10254.5,0,0,0
2020-11,2020,11,269,424,28233362.18,143,6151119.8100000005,0.33726415094339623,0.2178670670104371,3.169811320754717,2.0,66588.1183490566,13221.675,0,0,0
2020-12,2020,12,206,284,27244763.22,93,3829675.58,0.3274647887323944,0.14056556664029618,3.6619718309859155,2.0,95932.26485915492,14250.0,0,0,0
2021-01,2021,1,102,178,21718524.96,42,4582267.47,0.23595505617977527,0.21098428546318734,3.3202247191011236,3.0,122014.18516853933,26094.5,0,0,0
2021-02,2021,2,159,246,24342207.22,70,3808578.0100000002,0.2845528455284553,0.1564598467007874,3.9146341463414633,3.0,98952.06186991869,19935.5,0,0,0
2021-03,2021,3,164,276,52613748.49,80,5635917.3,0.2898550724637681,0.1071187182390395,4.840579710144928,3.0,190629.52351449276,25234.0,0,0,0
2021-04,2021,4,156,263,18290622.49,86,5676737.03,0.3269961977186312,0.31036324942486965,3.098859315589354,3.0,69546.09311787071,10325.0,0,0,0
2021-05,2021,5,209,324,43812238.22,111,7130688.62,0.3425925925925926,0.16275563426350786,6.234567901234568,3.0,135222.95746913578,20536.15,0,0,0
2021-06,2021,6,217,318,31712198.29,110,8536223.92,0.34591194968553457,0.2691779309002296,2.9654088050314464,2.0,99723.89399371069,15973.59,0,0,0
2021-07,2021,7,278,430,30081285.1,140,6397977.76,0.32558139534883723,0.21268964203926247,3.5767441860465117,2.0,69956.47697674419,16079.369999999999,0,0,0
2021-08,2021,8,173,235,14632556.83,81,2385198.19,0.3446808510638298,0.16300624817050513,2.676595744680851,2.0,62266.19927659575,17109.0,0,0,0
2021-09,2021,9,196,298,17329536.87,105,7142792.63,0.3523489932885906,0.41217446741841285,2.815436241610738,2.0,58152.808288590604,15878.5,0,0,0
2021-10,2021,10,271,410,35868696.27,134,6845690.5,0.32682926829268294,0.19085417681393746,2.8536585365853657,2.0,87484.6250487805,14499.25,0,0,0
2021-11,2021,11,270,371,33815621.87,163,6488013.76,0.4393530997304582,0.1918643928815614,2.549865229110512,2.0,91147.22876010781,13276.51,0,0,0
2021-12,2021,12,322,437,30808127.669999998,204,9246818.99,0.4668192219679634,0.30014219263977754,2.3524027459954233,2.0,70499.14798627002,13966.9,0,0,0
2022-01,2022,1,125,213,21666145.28,63,7342086.39,0.29577464788732394,0.3388736803485516,2.7934272300469485,2.0,101718.99192488263,24440.0,0,0,0
2022-02,2022,2,149,267,16837821.64,96,5994306.0,0.3595505617977528,0.3560024644613114,2.453183520599251,2.0,63063.00239700375,10500.0,0,0,0
2022-03,2022,3,248,392,35083801.0,159,5938334.49,0.40561224489795916,0.16926143464329876,2.6096938775510203,2.0,89499.49234693877,13512.0,0,0,0
2022-04,2022,4,157,221,16783783.79,76,2409813.81,0.3438914027149321,0.143579888787402,3.515837104072398,2.0,75944.7230316742,14624.0,0,0,0
2022-05,2022,5,230,363,27919088.78,129,4669144.65,0.35537190082644626,0.16723843270073946,2.8622589531680442,2.0,76912.0903030303,17874.0,0,0,0
2022-06,2022,6,259,350,23450583.64,151,4147324.01,0.43142857142857144,0.1768537650775501,2.88,2.0,67001.66754285715,13458.125,0,0,0
2022-07,2022,7,259,356,28044075.66,144,4129748.18,0.4044943820224719,0.14725920119700606,2.8258426966292136,2.0,78775.49342696629,11320.1,0,0,0
2022-08,2022,8,204,312,38937882.86,101,4516990.95,0.32371794871794873,0.11600504748141308,2.8846153846153846,2.0,124800.90660256411,16538.005,0,0,0
2022-09,2022,9,219,285,11693616.959999999,127,1787932.72,0.4456140350877193,0.15289817736598754,3.2035087719298247,2.0,41030.234947368415,12327.27,0,0,0
2022-10,2022,10,288,358,16408312.620000001,167,5273915.81,0.4664804469273743,0.32141731646261135,2.6145251396648046,2.0,45833.27547486034,10200.5,0,0,0
2022-11,2022,11,323,388,10994543.67,196,5908855.37,0.5051546391752577,0.5374352540090461,2.5902061855670104,1.0,28336.452757731957,6324.59,0,0,0
2022-12,2022,12,251,302,17311327.86,162,1525732.81,0.5364238410596026,0.08813493813639782,2.7880794701986753,1.0,57322.2776821192,5976.225,0,0,0
2023-01,2023,1,84,122,19024666.56,41,6252514.6,0.3360655737704918,0.32865304525999534,2.6311475409836067,2.0,155939.88983606556,17718.525,0,0,0
2023-02,2023,2,145,217,7821594.56,106,1571493.74,0.48847926267281105,0.20091731013989045,3.5944700460829493,2.0,36044.21456221198,4681.0,0,0,0
2023-03,2023,3,199,234,9516582.1,113,1902020.18,0.4829059829059829,0.19986379143411162,2.482905982905983,2.0,40669.154273504275,5882.5,0,0,0
2023-04,2023,4,137,180,5408288.25,106,3285057.86,0.5888888888888889,0.6074117554662513,2.511111111111111,1.0,30046.045833333334,8664.415,0,0,1
2023-05,2023,5,176,234,9058182.83,103,1061547.92,0.44017094017094016,0.11719214989613981,3.5598290598290596,2.0,38710.183034188034,6972.0,0,0,0
2023-06,2023,6,199,251,12143909.53,121,4550071.39,0.4820717131474104,0.3746792891333406,2.537848605577689,2.0,48382.109681274895,9077.58,0,0,0
2023-07,2023,7,167,199,9812234.77,93,3297082.94,0.46733668341708545,0.3360175349738396,2.608040201005025,2.0,49307.7124120603,12925.0,0,0,0
2023-08,2023,8,121,161,4099938.0,68,718972.79,0.422360248447205,0.1753618688867978,2.527950310559006,2.0,25465.45341614907,8516.85,0,0,0
2023-09,2023,9,169,236,8651369.78,99,1496057.26,0.4194915254237288,0.17292721245814094,3.233050847457627,2.0,36658.34652542372,6294.0599999999995,0,0,0
2023-10,2023,10,299,353,17581173.4,166,8770795.34,0.4702549575070821,0.4988742867412934,2.3881019830028327,2.0,49805.02379603399,7863.8,0,0,0
2023-11,2023,11,193,257,8692618.21,105,2136150.8200000003,0.4085603112840467,0.24574308550012805,2.603112840466926,2.0,33823.41715953308,9439.0,0,0,0
2023-12,2023,12,246,284,10472187.97,144,2682776.04,0.5070422535211268,0.2561810433202146,2.426056338028169,1.0,36873.90130281691,6381.8,0,0,0
2024-01,2024,1,74,102,1673327.93,53,377379.21,0.5196078431372549,0.22552615254560415,2.5686274509803924,1.0,16405.175784313724,6744.075,0,0,0
2024-02,2024,2,106,131,2331728.67,81,872973.68,0.6183206106870229,0.37438904930563816,1.9083969465648856,1.0,17799.455496183207,4029.0,0,0,0
2024-03,2024,3,95,114,2374369.46,51,717845.89,0.4473684210526316,0.30233116711331015,3.289473684210526,2.0,20827.802280701755,7781.9,0,0,0
2024-04,2024,4,13,17,999054.0,5,354396.0,0.29411764705882354,0.3547315760709631,2.0,2.0,58767.882352941175,52772.0,0,0,0
