date,currency,rate_units_per_usd
2014-01-01,GHS,2.371513045352438
2014-02-01,GHS,2.4889600038528443
2014-03-01,GHS,2.5684523468925837
2014-04-01,GHS,2.7533636309883813
2014-05-01,GHS,2.8059045401486484
2014-06-01,GHS,3.1109952472505116
2014-07-01,GHS,3.4104434407275654
2014-08-01,GHS,3.66079999151684
2014-09-01,GHS,3.545777266675776
2014-10-01,GHS,3.196999995604805
2014-11-01,GHS,3.1894850015640257
2014-12-01,GHS,3.1807435388150425
2015-01-01,GHS,3.2277091199701484
2015-02-01,GHS,3.4046550393104553
2015-03-01,GHS,3.595681819048795
2015-04-01,GHS,3.8082817792892456
2015-05-01,GHS,3.9232666605994817
2015-06-01,GHS,4.254809119484642
2015-07-01,GHS,3.631052183068317
2015-08-01,GHS,3.9920429161616733
2015-09-01,GHS,3.8448817946694116
2015-10-01,GHS,3.7762954343448984
2015-11-01,GHS,3.7975809233529225
2015-12-01,GHS,3.786639120267785
2016-01-01,GHS,3.885590462457566
2016-02-01,GHS,3.948433353787377
2016-03-01,GHS,3.8380825830542524
2016-04-01,GHS,3.811271383648827
2016-05-01,GHS,3.6831090558658945
2016-06-01,GHS,3.8735545115037398
2016-07-01,GHS,3.9321190175556002
2016-08-01,GHS,3.9315304341523545
2016-09-01,GHS,3.9427954825488003
2016-10-01,GHS,3.9603285789489746
2016-11-01,GHS,4.010286363688382
2016-12-01,GHS,4.2237090847708965
2017-01-01,GHS,4.257627270438454
2017-02-01,GHS,4.427255034446716
2017-03-01,GHS,4.518386965212614
2017-04-01,GHS,4.19809501171112
2017-05-01,GHS,4.254213001417077
2017-06-01,GHS,4.35365004972978
2017-07-01,GHS,4.363629984855652
2017-08-01,GHS,4.396804353465205
2017-09-01,GHS,4.406319027855282
2017-10-01,GHS,4.375831799073652
2017-11-01,GHS,4.4837713695707775
2017-12-01,GHS,4.4900381451561335
2018-01-01,GHS,4.521334710328476
2018-02-01,GHS,4.467259955406189
2018-03-01,GHS,4.4244045127521865
2018-04-01,GHS,4.4316904204232355
2018-05-01,GHS,4.558299976846446
2018-06-01,GHS,4.72293808346703
2018-07-01,GHS,4.784813620827415
2018-08-01,GHS,4.802517372628917
2018-09-01,GHS,4.847335004806519
2018-10-01,GHS,4.846999956213909
2018-11-01,GHS,4.858586354689165
2018-12-01,GHS,4.920714242117746
2019-01-01,GHS,4.90689990831458
2019-02-01,GHS,5.222990012168884
2019-03-01,GHS,5.415228548504057
2019-04-01,GHS,5.188277266242287
2019-05-01,GHS,5.194545420733365
2019-06-01,GHS,5.38298499584198
2019-07-01,GHS,5.376904383949611
2019-08-01,GHS,5.412422700361772
2019-09-01,GHS,5.472080934615362
2019-10-01,GHS,5.427589271379554
2019-11-01,GHS,5.516806920369466
2019-12-01,GHS,5.674997112967751
2020-01-01,GHS,5.627444661181906
2020-02-01,GHS,5.354438400268554
2020-03-01,GHS,31.311274376782503
2020-04-01,GHS,5.730075229297984
2020-05-01,GHS,5.708956763857887
2020-06-01,GHS,5.735454494302923
2020-07-01,GHS,5.735100912011188
2020-08-01,GHS,5.742848691486177
2020-09-01,GHS,5.7494424473155625
2020-10-01,GHS,5.7819084904410625
2020-11-01,GHS,5.791543211255755
2020-12-01,GHS,5.834710929704749
2021-01-01,GHS,5.82434742791312
2021-02-01,GHS,5.770699977874756
2021-03-01,GHS,5.717347746310026
2021-04-01,GHS,5.749529773538763
2021-05-01,GHS,5.747785409291585
2021-06-01,GHS,5.776442484422163
2021-07-01,GHS,5.903037179600108
2021-08-01,GHS,5.988051978024569
2021-09-01,GHS,5.97525015744296
2021-10-01,GHS,6.005170867556617
2021-11-01,GHS,6.020423347299749
2021-12-01,GHS,6.0438999300417695
2022-01-01,GHS,6.090270065125965
2022-02-01,GHS,6.344374084472657
2022-03-01,GHS,7.110955777375595
2022-04-01,GHS,7.325812657674153
2022-05-01,GHS,7.410388274626299
2022-06-01,GHS,7.794766621156172
2022-07-01,GHS,8.078987916310629
2022-08-01,GHS,9.117124889207924
2022-09-01,GHS,9.947090669111772
2022-10-01,GHS,11.520722116742816
2022-11-01,GHS,13.906917225230824
2022-12-01,GHS,11.009653264825994
2023-01-01,GHS,11.079054138877176
2023-02-01,GHS,12.326654052734375
2023-03-01,GHS,12.192705195883047
2023-04-01,GHS,11.258482599258423
2023-05-01,GHS,11.23901657436205
2023-06-01,GHS,11.004590728066184
2023-07-01,GHS,11.154430162338983
2023-08-01,GHS,11.199248148047406
2023-09-01,GHS,11.46457849230085
2023-10-01,GHS,11.727365146983754
2023-11-01,GHS,11.899157697504217
2023-12-01,GHS,11.985146931239537
2024-01-01,GHS,12.005263494408648
2024-02-01,GHS,12.422017733256022
2024-03-01,GHS,12.876585460844494
2024-04-01,GHS,13.386858246543191
2024-05-01,GHS,14.165929794311523
2024-06-01,GHS,14.999383115768433
2024-07-01,GHS,15.393458034681236
2024-08-01,GHS,15.56030542200262
2024-09-01,GHS,15.665014630272275
2024-10-01,GHS,15.970328372457754
2024-11-01,GHS,16.021335374741327
2024-12-01,GHS,14.766929669813676
2025-01-01,GHS,14.906935908577658
2025-02-01,GHS,15.438407278060913
2025-03-01,GHS,15.453887621561686
2025-04-01,GHS,15.40060315132141
2025-05-01,GHS,12.3354811668396
2025-06-01,GHS,10.242890130905877
2025-07-01,GHS,10.364669633948285
2025-08-01,GHS,10.713170414879208
2025-09-01,GHS,12.129631432619961
2025-10-01,GHS,11.584884850875191
2025-11-01,GHS,10.903568506240845
2014-01-01,KES,85.08195694633152
2014-02-01,KES,85.17465019226074
2014-03-01,KES,85.41652425130208
2014-04-01,KES,85.41745480624112
2014-05-01,KES,85.97540872747248
2014-06-01,KES,86.11661856515067
2014-07-01,KES,86.29730456808339
2014-08-01,KES,86.68085697719029
2014-09-01,KES,87.3813643022017
2014-10-01,KES,87.7381303206734
2014-11-01,KES,88.45724906921387
2014-12-01,KES,89.17495661196502
2015-01-01,KES,91.01654572920366
2015-02-01,KES,91.17335090637206
2015-03-01,KES,90.72359085083008
2015-04-01,KES,91.7350467335094
2015-05-01,KES,94.64176177978516
2015-06-01,KES,96.09931772405452
2015-07-01,KES,99.60430443805197
2015-08-01,KES,100.67904772077289
2015-09-01,KES,103.68409070101652
2015-10-01,KES,101.26977261629972
2015-11-01,KES,100.46571459089007
2015-12-01,KES,100.48043524700662
2016-01-01,KES,100.64142826625279
2016-02-01,KES,100.2394761585054
2016-03-01,KES,99.81086896813434
2016-04-01,KES,99.54847680954705
2016-05-01,KES,99.07804558493875
2016-06-01,KES,99.40009099786931
2016-07-01,KES,99.54304686046783
2016-08-01,KES,99.61817368217136
2016-09-01,KES,99.56327264959162
2016-10-01,KES,99.53109523228237
2016-11-01,KES,99.90109148892489
2016-12-01,KES,100.35977415605025
2017-01-01,KES,101.8809086192738
2017-02-01,KES,101.76050033569337
2017-03-01,KES,101.0126087354577
2017-04-01,KES,101.53299980163574
2017-05-01,KES,101.4913041487984
2017-06-01,KES,101.71454620361328
2017-07-01,KES,102.08047739664714
2017-08-01,KES,101.84956558890964
2017-09-01,KES,101.54523758661179
2017-10-01,KES,101.72318198464133
2017-11-01,KES,101.86545493386008
2017-12-01,KES,101.51666695731026
2018-01-01,KES,101.22347856604534
2018-02-01,KES,99.76870040893554
2018-03-01,KES,99.53450012207031
2018-04-01,KES,99.12061854771206
2018-05-01,KES,99.00339043658713
2018-06-01,KES,99.3260959443592
2018-07-01,KES,99.50881853970614
2018-08-01,KES,99.50873831044073
2018-09-01,KES,99.75605010986328
2018-10-01,KES,99.91021761686906
2018-11-01,KES,101.26386295665394
2018-12-01,KES,101.14523824055989
2019-01-01,KES,100.49434794550356
2019-02-01,KES,99.04760055541992
2019-03-01,KES,99.22761935279483
2019-04-01,KES,99.89359110051936
2019-05-01,KES,100.07081812078303
2019-06-01,KES,100.38635025024413
2019-07-01,KES,101.77478193200153
2019-08-01,KES,102.17636385830966
2019-09-01,KES,102.46476236979167
2019-10-01,KES,102.47348984428073
2019-11-01,KES,101.01498086111886
2019-12-01,KES,100.07190080122514
2020-01-01,KES,99.77191891877547
2020-02-01,KES,99.53768844604492
2020-03-01,KES,102.46315938776189
2020-04-01,KES,105.1757365140048
2020-05-01,KES,105.39971088227772
2020-06-01,KES,105.24831078269266
2020-07-01,KES,106.19684899371603
2020-08-01,KES,107.04222869873047
2020-09-01,KES,107.35861344770952
2020-10-01,KES,107.55299446799539
2020-11-01,KES,108.06750088646298
2020-12-01,KES,109.39245638640031
2021-01-01,KES,108.96908859979538
2021-02-01,KES,108.8162742614746
2021-03-01,KES,108.94037794030231
2021-04-01,KES,107.15636409412731
2021-05-01,KES,106.61285763695126
2021-06-01,KES,106.96636442704634
2021-07-01,KES,107.27318122170188
2021-08-01,KES,108.38590864701705
2021-09-01,KES,109.18454569036311
2021-10-01,KES,109.98047674269904
2021-11-01,KES,110.94090999256481
2021-12-01,KES,112.16022358769956
2022-01-01,KES,112.58736782982236
2022-02-01,KES,112.93522109985352
2022-03-01,KES,113.46931291663128
2022-04-01,KES,114.68285733177548
2022-05-01,KES,115.38636294278231
2022-06-01,KES,116.33863587812944
2022-07-01,KES,117.32238079252697
2022-08-01,KES,118.62999957540761
2022-09-01,KES,119.79090916026722
2022-10-01,KES,120.2961901710147
2022-11-01,KES,120.8344990123402
2022-12-01,KES,122.06790299849077
2023-01-01,KES,122.93010572953658
2023-02-01,KES,124.49161682128906
2023-03-01,KES,128.66943425717562
2023-04-01,KES,133.50892028808593
2023-05-01,KES,136.43043451723844
2023-06-01,KES,138.71694391424006
2023-07-01,KES,140.6885717482794
2023-08-01,KES,143.0582613737687
2023-09-01,KES,145.8604765392485
2023-10-01,KES,148.10625596479937
2023-11-01,KES,150.89696710759944
2023-12-01,KES,153.36859348842077
2024-01-01,KES,158.6006569240404
2024-02-01,KES,152.47418430873327
2024-03-01,KES,136.67208135695685
2024-04-01,KES,130.571364662864
2024-05-01,KES,130.80086981731912
2024-06-01,KES,128.45999908447266
2024-07-01,KES,128.22067559283713
2024-08-01,KES,128.20727261629972
2024-09-01,KES,127.92431458972749
2024-10-01,KES,128.03739199431047
2024-11-01,KES,128.26197124662855
2024-12-01,KES,128.3440142544833
2025-01-01,KES,128.62017856944692
2025-02-01,KES,128.35789909362794
2025-03-01,KES,128.44091142926897
2025-04-01,KES,128.6562614440918
2025-05-01,KES,128.40363589200106
2025-06-01,KES,128.42730022612074
2025-07-01,KES,128.47000022556472
2025-08-01,KES,128.25380924769811
2025-09-01,KES,128.47772736982867
2025-10-01,KES,128.26898558243462
2025-11-01,KES,128.31277465820312
2014-01-01,NGN,159.44130408245584
2014-02-01,NGN,162.97550048828126
2014-03-01,NGN,164.0538090297154
2014-04-01,NGN,161.93227247758344
2014-05-01,NGN,161.35409199107778
2014-06-01,NGN,162.51952471051897
2014-07-01,NGN,161.80260898755944
2014-08-01,NGN,160.74095299130394
2014-09-01,NGN,161.32363683527166
2014-10-01,NGN,162.78521728515625
2014-11-01,NGN,169.3925003051758
2014-12-01,NGN,181.46043395996094
2015-01-01,NGN,185.56863750110972
2015-02-01,NGN,197.01650009155273
2015-03-01,NGN,199.33818192915484
2015-04-01,NGN,198.19545607133344
2015-05-01,NGN,198.65999784923736
2015-06-01,NGN,198.7322699806907
2015-07-01,NGN,190.09086874256963
2015-08-01,NGN,197.5809515090216
2015-09-01,NGN,198.43954398415306
2015-10-01,NGN,198.53726959228516
2015-11-01,NGN,197.33476039341517
2015-12-01,NGN,196.16739289656928
2016-01-01,NGN,196.29095168340774
2016-02-01,NGN,197.06333342052642
2016-03-01,NGN,189.25826163913894
2016-04-01,NGN,198.4799993605841
2016-05-01,NGN,198.4518182927912
2016-06-01,NGN,212.7972738092596
2016-07-01,NGN,274.71143071992054
2016-08-01,NGN,321.5821732230808
2016-09-01,NGN,312.05545460094106
2016-10-01,NGN,312.95333571661087
2016-11-01,NGN,315.09090909090907
2016-12-01,NGN,301.69590897993606
2017-01-01,NGN,314.6731817072088
2017-02-01,NGN,298.88200000524523
2017-03-01,NGN,314.69565217391306
2017-04-01,NGN,314.55
2017-05-01,NGN,315.89130434782606
2017-06-01,NGN,317.5681818181818
2017-07-01,NGN,343.98999938964846
2017-08-01,NGN,344.4913040244061
2017-09-01,NGN,352.6666666666667
2017-10-01,NGN,354.27272727272725
2017-11-01,NGN,354.9047619047619
2017-12-01,NGN,356.95238095238096
2018-01-01,NGN,357.3478260869565
2018-02-01,NGN,357.55
2018-03-01,NGN,356.59090909090907
2018-04-01,NGN,357.9047619047619
2018-05-01,NGN,359.04347826086956
2018-06-01,NGN,357.95238095238096
2018-07-01,NGN,343.9872715581547
2018-08-01,NGN,360.3391299040421
2018-09-01,NGN,361.1899978637695
2018-10-01,NGN,362.62956569505775
2018-11-01,NGN,362.8281818736683
2018-12-01,NGN,363.3819042387463
2019-01-01,NGN,362.9421731700068
2019-02-01,NGN,360.6855010986328
2019-03-01,NGN,359.3576180594308
2019-04-01,NGN,358.85772705078125
2019-05-01,NGN,358.2100011652166
2019-06-01,NGN,344.2475021362305
2019-07-01,NGN,357.6752173382303
2019-08-01,NGN,360.9422718394886
2019-09-01,NGN,358.0
2019-10-01,NGN,358.69565217391306
2019-11-01,NGN,359.1904761904762
2019-12-01,NGN,359.54545454545456
2020-01-01,NGN,359.6521739130435
2020-02-01,NGN,361.15
2020-03-01,NGN,363.95454545454544
2020-04-01,NGN,375.4368175159801
2020-05-01,NGN,388.9793701171875
2020-06-01,NGN,384.9318181818182
2020-07-01,NGN,386.3460865850034
2020-08-01,NGN,382.44666544596356
2020-09-01,NGN,381.2740908536044
2020-10-01,NGN,380.0313637473366
2020-11-01,NGN,378.7809535435268
2020-12-01,NGN,376.6391309655231
2021-01-01,NGN,378.018560500372
2021-02-01,NGN,376.5789993286133
2021-03-01,NGN,379.4876509956692
2021-04-01,NGN,382.7427243319425
2021-05-01,NGN,398.769048781622
2021-06-01,NGN,411.15045443448156
2021-07-01,NGN,410.6381822065874
2021-08-01,NGN,411.0499988902699
2021-09-01,NGN,410.86772710626775
2021-10-01,NGN,410.2257109142485
2021-11-01,NGN,410.04636313698506
2021-12-01,NGN,410.0395693571671
2022-01-01,NGN,413.6357174827939
2022-02-01,NGN,415.5425003051758
2022-03-01,NGN,415.50347900390625
2022-04-01,NGN,414.749520438058
2022-05-01,NGN,414.623178655451
2022-06-01,NGN,415.0409102006392
2022-07-01,NGN,414.81713721865697
2022-08-01,NGN,418.8643480383831
2022-09-01,NGN,427.96590770374644
2022-10-01,NGN,433.82333228701634
2022-11-01,NGN,440.84636480158025
2022-12-01,NGN,445.02954517711294
2023-01-01,NGN,452.96181418678975
2023-02-01,NGN,459.6095001220703
2023-03-01,NGN,458.6782624617867
2023-04-01,NGN,460.804997253418
2023-05-01,NGN,460.0230434251868
2023-06-01,NGN,602.1177298805931
2023-07-01,NGN,779.308099655878
2023-08-01,NGN,765.3278277853261
2023-09-01,NGN,771.4721883138021
2023-10-01,NGN,778.775859485973
2023-11-01,NGN,808.3857283158736
2023-12-01,NGN,824.6883777436756
2024-01-01,NGN,906.6860855765965
2024-02-01,NGN,1471.2452334449404
2024-03-01,NGN,1527.7219063895088
2024-04-01,NGN,1241.1581809303977
2024-05-01,NGN,1434.459568189538
2024-06-01,NGN,1502.4614990234375
2024-07-01,NGN,1577.5121645720108
2024-08-01,NGN,1596.538163618608
2024-09-01,NGN,1629.1871396019346
2024-10-01,NGN,1641.418701171875
2024-11-01,NGN,1673.827625093006
2024-12-01,NGN,1574.6872836026278
2025-01-01,NGN,1549.4831764914773
2025-02-01,NGN,1501.2485046386719
2025-03-01,NGN,1527.4185732886904
2025-04-01,NGN,1580.851495361328
2025-05-01,NGN,1598.6431718306108
2025-06-01,NGN,1554.2171398344494
2025-07-01,NGN,1530.5700046705163
2025-08-01,NGN,1530.8838065011162
2025-09-01,NGN,1505.212724165483
2025-10-01,NGN,1465.5974014945652
2025-11-01,NGN,1440.062515258789
2014-01-01,RWF,666.7865202530571
2014-02-01,RWF,661.3800018310546
2014-03-01,RWF,672.6190476190476
2014-04-01,RWF,671.529091574929
2014-05-01,RWF,673.8409090909091
2014-06-01,RWF,672.6628563290551
2014-07-01,RWF,677.6713044539741
2014-08-01,RWF,682.6580926804315
2014-09-01,RWF,680.3522699529475
2014-10-01,RWF,679.9482554560122
2014-11-01,RWF,678.914501953125
2014-12-01,RWF,682.7173913043479
2015-01-01,RWF,648.781815962358
2015-02-01,RWF,672.8179992675781
2015-03-01,RWF,680.7336370294744
2015-04-01,RWF,943.7445456764915
2015-05-01,RWF,676.7038080124628
2015-06-01,RWF,690.299091685902
2015-07-01,RWF,669.2995658542799
2015-08-01,RWF,695.1028558640253
2015-09-01,RWF,691.6090892444957
2015-10-01,RWF,711.1640930175781
2015-11-01,RWF,734.3947666713169
2015-12-01,RWF,731.7178291652514
2016-01-01,RWF,734.3961937313989
2016-02-01,RWF,736.9166666666666
2016-03-01,RWF,743.3404355256454
2016-04-01,RWF,743.2961919875372
2016-05-01,RWF,740.8209062056108
2016-06-01,RWF,746.9854542125355
2016-07-01,RWF,753.5061907087054
2016-08-01,RWF,762.297827679178
2016-09-01,RWF,783.4736383611506
2016-10-01,RWF,790.0342901320685
2016-11-01,RWF,798.4072709517045
2016-12-01,RWF,815.202733820135
2017-01-01,RWF,814.2631780450994
2017-02-01,RWF,815.8114990234375
2017-03-01,RWF,815.53173828125
2017-04-01,RWF,818.1934997558594
2017-05-01,RWF,820.952612835428
2017-06-01,RWF,824.5899991122159
2017-07-01,RWF,747.6633329845611
2017-08-01,RWF,820.4460847274116
2017-09-01,RWF,822.4123825799851
2017-10-01,RWF,829.5790960138494
2017-11-01,RWF,836.8000016645951
2017-12-01,RWF,843.7847667875744
2018-01-01,RWF,839.1882616126019
2018-02-01,RWF,837.4640014648437
2018-03-01,RWF,841.1672723943537
2018-04-01,RWF,844.9809541248139
2018-05-01,RWF,848.429127568784
2018-06-01,RWF,846.5709519159226
2018-07-01,RWF,848.1972683993253
2018-08-01,RWF,852.0
2018-09-01,RWF,857.7119995117188
2018-10-01,RWF,853.2621751868206
2018-11-01,RWF,864.6081820401279
2018-12-01,RWF,853.4457135881696
2019-01-01,RWF,863.5591324515965
2019-02-01,RWF,865.4260009765625
2019-03-01,RWF,841.25
2019-04-01,RWF,894.279091574929
2019-05-01,RWF,897.1331842595881
2019-06-01,RWF,900.4010009765625
2019-07-01,RWF,906.629126507303
2019-08-01,RWF,905.614091352983
2019-09-01,RWF,912.6776210239956
2019-10-01,RWF,913.2382414444634
2019-11-01,RWF,920.7783726283482
2019-12-01,RWF,915.1520552201705
2020-01-01,RWF,924.3035517153533
2020-02-01,RWF,921.3982727050782
2020-03-01,RWF,928.4250516024503
2020-04-01,RWF,923.1892367276279
2020-05-01,RWF,923.3335048130581
2020-06-01,RWF,936.9090909090909
2020-07-01,RWF,942.5710475755775
2020-08-01,RWF,949.9707903180804
2020-09-01,RWF,944.1463955965909
2020-10-01,RWF,958.6099437366832
2020-11-01,RWF,972.3068237304688
2020-12-01,RWF,975.0373880137568
2021-01-01,RWF,970.2318929036459
2021-02-01,RWF,975.4957397460937
2021-03-01,RWF,969.6489947775136
2021-04-01,RWF,971.9743541370739
2021-05-01,RWF,974.9652390252976
2021-06-01,RWF,971.906269420277
2021-07-01,RWF,982.4688998135654
2021-08-01,RWF,993.0448275479404
2021-09-01,RWF,988.6634355024858
2021-10-01,RWF,988.2731904529389
2021-11-01,RWF,991.3252591219815
2021-12-01,RWF,996.2028171705163
2022-01-01,RWF,1001.6710902622768
2022-02-01,RWF,1005.8609069824219
2022-03-01,RWF,1006.6211282481318
2022-04-01,RWF,1008.1142549060639
2022-05-01,RWF,1010.170107754794
2022-06-01,RWF,1011.0703624378551
2022-07-01,RWF,1013.4589814685639
2022-08-01,RWF,1019.4253062372622
2022-09-01,RWF,1024.3425431685014
2022-10-01,RWF,1035.852573939732
2022-11-01,RWF,1041.1790882457387
2022-12-01,RWF,1056.4870050603693
2023-01-01,RWF,1063.0296519886363
2023-02-01,RWF,1074.090594482422
2023-03-01,RWF,1081.8682542883832
2023-04-01,RWF,1096.4023803710938
2023-05-01,RWF,1107.9436778192935
2023-06-01,RWF,1132.0275712446733
2023-07-01,RWF,1156.5612095424108
2023-08-01,RWF,1170.0144308338995
2023-09-01,RWF,1188.0477469308037
2023-10-01,RWF,1208.8831121271307
2023-11-01,RWF,1221.4169367009943
2023-12-01,RWF,1240.4178583054315
2024-01-01,RWF,1256.0163361922555
2024-02-01,RWF,1260.7348051525298
2024-03-01,RWF,1271.0225539434523
2024-04-01,RWF,1275.849032315341
2024-05-01,RWF,1280.9191735309103
2024-06-01,RWF,1292.4828369140625
2024-07-01,RWF,1298.9651940387228
2024-08-01,RWF,1305.6683904474432
2024-09-01,RWF,1328.4369245256696
2024-10-01,RWF,1337.4927447775135
2024-11-01,RWF,1355.0447998046875
2024-12-01,RWF,1369.5111472389915
2025-01-01,RWF,1375.5011097301137
2025-02-01,RWF,1389.0648376464844
2025-03-01,RWF,1401.723179408482
2025-04-01,RWF,1406.7898010253907
2025-05-01,RWF,1412.8290183327415
2025-06-01,RWF,1414.1937779017858
2025-07-01,RWF,1429.9726774796195
2025-08-01,RWF,1435.2111990792412
2025-09-01,RWF,1438.1561445756392
2025-10-01,RWF,1441.9051619819973
2025-11-01,RWF,1440.9032440185547
2014-01-01,UGX,2468.3043584408965
2014-02-01,UGX,2438.0300170898436
2014-03-01,UGX,2501.709519159226
2014-04-01,UGX,2495.722745028409
2014-05-01,UGX,2498.404529918324
2014-06-01,UGX,2544.9857003348216
2014-07-01,UGX,2599.6217412533965
2014-08-01,UGX,2578.4761555989585
2014-09-01,UGX,2587.0727206143465
2014-10-01,UGX,2642.9521696671195
2014-11-01,UGX,2699.4849853515625
2014-12-01,UGX,2732.90869140625
2015-01-01,UGX,2820.149991122159
2015-02-01,UGX,2829.585009765625
2015-03-01,UGX,2914.9408957741475
2015-04-01,UGX,2951.4909113103695
2015-05-01,UGX,2966.5619303385415
2015-06-01,UGX,3150.999988902699
2015-07-01,UGX,3313.0913404381795
2015-08-01,UGX,3507.2476399739585
2015-09-01,UGX,3630.440906871449
2015-10-01,UGX,3598.904552112926
2015-11-01,UGX,3379.1857328869046
2015-12-01,UGX,3313.5608547044835
2016-01-01,UGX,3406.304734002976
2016-02-01,UGX,3388.5333426339284
2016-03-01,UGX,3321.9608738111415
2016-04-01,UGX,3302.238083612351
2016-05-01,UGX,3309.1681685014205
2016-06-01,UGX,3328.245427911932
2016-07-01,UGX,3340.066650390625
2016-08-01,UGX,3335.1782545006795
2016-09-01,UGX,3342.254560990767
2016-10-01,UGX,3397.2523600260415
2016-11-01,UGX,3528.30908203125
2016-12-01,UGX,3555.0227383700285
2017-01-01,UGX,3562.409102006392
2017-02-01,UGX,3541.594970703125
2017-03-01,UGX,3557.7521654211955
2017-04-01,UGX,3578.144970703125
2017-05-01,UGX,3581.7478239639945
2017-06-01,UGX,3546.622713955966
2017-07-01,UGX,3555.623849051339
2017-08-01,UGX,3564.265232252038
2017-09-01,UGX,3567.0142647879466
2017-10-01,UGX,3602.2908824573865
2017-11-01,UGX,3598.436345880682
2017-12-01,UGX,3584.338088262649
2018-01-01,UGX,3602.430462381114
2018-02-01,UGX,3602.7300048828124
2018-03-01,UGX,3626.5181773792615
2018-04-01,UGX,3658.161911737351
2018-05-01,UGX,3686.22606360394
2018-06-01,UGX,3799.9761904761904
2018-07-01,UGX,3724.7727272727275
2018-08-01,UGX,3690.2565174932065
2018-09-01,UGX,3762.3049926757812
2018-10-01,UGX,3740.6434697690215
2018-11-01,UGX,3699.377286044034
2018-12-01,UGX,3675.0809500558034
2019-01-01,UGX,3664.4043605638585
2019-02-01,UGX,3633.2800048828126
2019-03-01,UGX,3665.9571242559523
2019-04-01,UGX,3696.881824840199
2019-05-01,UGX,3725.0045276988635
2019-06-01,UGX,3694.525
2019-07-01,UGX,3657.04784094769
2019-08-01,UGX,3649.7227006392045
2019-09-01,UGX,3632.814278738839
2019-10-01,UGX,3654.7407863451085
2019-11-01,UGX,3656.339064825149
2019-12-01,UGX,3635.2820157137785
2020-01-01,UGX,3640.597401494565
2020-02-01,UGX,3633.8234130859373
2020-03-01,UGX,3725.326182972301
2020-04-01,UGX,3741.263438831676
2020-05-01,UGX,3749.8384137834823
2020-06-01,UGX,3699.6506791548295
2020-07-01,UGX,3664.5303902004075
2020-08-01,UGX,3639.1436360677085
2020-09-01,UGX,3656.415704900568
2020-10-01,UGX,3680.3711492365055
2020-11-01,UGX,3672.904250372024
2020-12-01,UGX,3630.634999150815
2021-01-01,UGX,3654.3913225446427
2021-02-01,UGX,3630.7530029296877
2021-03-01,UGX,3624.3372855808425
2021-04-01,UGX,3588.846446644176
2021-05-01,UGX,3515.108933221726
2021-06-01,UGX,3502.6048583984375
2021-07-01,UGX,3513.571710759943
2021-08-01,UGX,3499.7267622514205
2021-09-01,UGX,3491.498524058949
2021-10-01,UGX,3541.0084635416665
2021-11-01,UGX,3513.5529452237215
2021-12-01,UGX,3516.666546365489
2022-01-01,UGX,3488.9584030877977
2022-02-01,UGX,3473.8428344726562
2022-03-01,UGX,3549.8175420346465
2022-04-01,UGX,3503.450439453125
2022-05-01,UGX,3578.60390403054
2022-06-01,UGX,3707.904796253551
2022-07-01,UGX,3743.739699590774
2022-08-01,UGX,3792.215470023777
2022-09-01,UGX,3775.2629061612215
2022-10-01,UGX,3776.739966982887
2022-11-01,UGX,3713.286931818182
2022-12-01,UGX,3645.5512140447445
2023-01-01,UGX,3652.9223188920455
2023-02-01,UGX,3642.295361328125
2023-03-01,UGX,3697.3976838485055
2023-04-01,UGX,3704.4854736328125
2023-05-01,UGX,3686.061374830163
2023-06-01,UGX,3667.559315074574
2023-07-01,UGX,3617.3270903087796
2023-08-01,UGX,3645.0274180536685
2023-09-01,UGX,3696.050072079613
2023-10-01,UGX,3709.731844815341
2023-11-01,UGX,3736.761629971591
2023-12-01,UGX,3740.6318243117557
2024-01-01,UGX,3763.878768257473
2024-02-01,UGX,3828.7086007254466
2024-03-01,UGX,3853.4460100446427
2024-04-01,UGX,3782.850330699574
2024-05-01,UGX,3748.2328464673915
2024-06-01,UGX,3713.5537841796877
2024-07-01,UGX,3664.2559230638585
2024-08-01,UGX,3679.199962269176
2024-09-01,UGX,3672.1423921130954
2024-10-01,UGX,3629.042862601902
2024-11-01,UGX,3635.9130045572915
2024-12-01,UGX,3620.1590576171875
2025-01-01,UGX,3645.334406072443
2025-02-01,UGX,3638.3344604492186
2025-03-01,UGX,3623.974167596726
2025-04-01,UGX,3630.3614135742187
2025-05-01,UGX,3615.101140802557
2025-06-01,UGX,3568.854538690476
2025-07-01,UGX,3547.951554008152
2025-08-01,UGX,3522.3297409784227
2025-09-01,UGX,3472.1339777166195
2025-10-01,UGX,3427.0024732506795
2025-11-01,UGX,3471.769775390625
2014-01-01,USD,1.0
2014-02-01,USD,1.0
2014-03-01,USD,1.0
2014-04-01,USD,1.0
2014-05-01,USD,1.0
2014-06-01,USD,1.0
2014-07-01,USD,1.0
2014-08-01,USD,1.0
2014-09-01,USD,1.0
2014-10-01,USD,1.0
2014-11-01,USD,1.0
2014-12-01,USD,1.0
2015-01-01,USD,1.0
2015-02-01,USD,1.0
2015-03-01,USD,1.0
2015-04-01,USD,1.0
2015-05-01,USD,1.0
2015-06-01,USD,1.0
2015-07-01,USD,1.0
2015-08-01,USD,1.0
2015-09-01,USD,1.0
2015-10-01,USD,1.0
2015-11-01,USD,1.0
2015-12-01,USD,1.0
2016-01-01,USD,1.0
2016-02-01,USD,1.0
2016-03-01,USD,1.0
2016-04-01,USD,1.0
2016-05-01,USD,1.0
2016-06-01,USD,1.0
2016-07-01,USD,1.0
2016-08-01,USD,1.0
2016-09-01,USD,1.0
2016-10-01,USD,1.0
2016-11-01,USD,1.0
2016-12-01,USD,1.0
2017-01-01,USD,1.0
2017-02-01,USD,1.0
2017-03-01,USD,1.0
2017-04-01,USD,1.0
2017-05-01,USD,1.0
2017-06-01,USD,1.0
2017-07-01,USD,1.0
2017-08-01,USD,1.0
2017-09-01,USD,1.0
2017-10-01,USD,1.0
2017-11-01,USD,1.0
2017-12-01,USD,1.0
2018-01-01,USD,1.0
2018-02-01,USD,1.0
2018-03-01,USD,1.0
2018-04-01,USD,1.0
2018-05-01,USD,1.0
2018-06-01,USD,1.0
2018-07-01,USD,1.0
2018-08-01,USD,1.0
2018-09-01,USD,1.0
2018-10-01,USD,1.0
2018-11-01,USD,1.0
2018-12-01,USD,1.0
2019-01-01,USD,1.0
2019-02-01,USD,1.0
2019-03-01,USD,1.0
2019-04-01,USD,1.0
2019-05-01,USD,1.0
2019-06-01,USD,1.0
2019-07-01,USD,1.0
2019-08-01,USD,1.0
2019-09-01,USD,1.0
2019-10-01,USD,1.0
2019-11-01,USD,1.0
2019-12-01,USD,1.0
2020-01-01,USD,1.0
2020-02-01,USD,1.0
2020-03-01,USD,1.0
2020-04-01,USD,1.0
2020-05-01,USD,1.0
2020-06-01,USD,1.0
2020-07-01,USD,1.0
2020-08-01,USD,1.0
2020-09-01,USD,1.0
2020-10-01,USD,1.0
2020-11-01,USD,1.0
2020-12-01,USD,1.0
2021-01-01,USD,1.0
2021-02-01,USD,1.0
2021-03-01,USD,1.0
2021-04-01,USD,1.0
2021-05-01,USD,1.0
2021-06-01,USD,1.0
2021-07-01,USD,1.0
2021-08-01,USD,1.0
2021-09-01,USD,1.0
2021-10-01,USD,1.0
2021-11-01,USD,1.0
2021-12-01,USD,1.0
2022-01-01,USD,1.0
2022-02-01,USD,1.0
2022-03-01,USD,1.0
2022-04-01,USD,1.0
2022-05-01,USD,1.0
2022-06-01,USD,1.0
2022-07-01,USD,1.0
2022-08-01,USD,1.0
2022-09-01,USD,1.0
2022-10-01,USD,1.0
2022-11-01,USD,1.0
2022-12-01,USD,1.0
2023-01-01,USD,1.0
2023-02-01,USD,1.0
2023-03-01,USD,1.0
2023-04-01,USD,1.0
2023-05-01,USD,1.0
2023-06-01,USD,1.0
2023-07-01,USD,1.0
2023-08-01,USD,1.0
2023-09-01,USD,1.0
2023-10-01,USD,1.0
2023-11-01,USD,1.0
2023-12-01,USD,1.0
2024-01-01,USD,1.0
2024-02-01,USD,1.0
2024-03-01,USD,1.0
2024-04-01,USD,1.0
2024-05-01,USD,1.0
2024-06-01,USD,1.0
2024-07-01,USD,1.0
2024-08-01,USD,1.0
2024-09-01,USD,1.0
2024-10-01,USD,1.0
2024-11-01,USD,1.0
2024-12-01,USD,1.0
2025-01-01,USD,1.0
2025-02-01,USD,1.0
2025-03-01,USD,1.0
2025-04-01,USD,1.0
2025-05-01,USD,1.0
2025-06-01,USD,1.0
2025-07-01,USD,1.0
2025-08-01,USD,1.0
2025-09-01,USD,1.0
2025-10-01,USD,1.0
2025-11-01,USD,1.0
2014-01-01,ZAR,10.83542589707808
2014-02-01,ZAR,10.9645103931427
2014-03-01,ZAR,10.75552427201044
2014-04-01,ZAR,10.537970499558883
2014-05-01,ZAR,10.39978907325051
2014-06-01,ZAR,10.676310403006417
2014-07-01,ZAR,10.656019915705143
2014-08-01,ZAR,10.658911432538714
2014-09-01,ZAR,10.952491846951572
2014-10-01,ZAR,11.070189890654191
2014-11-01,ZAR,11.0868586063385
2014-12-01,ZAR,11.474686166514521
2015-01-01,ZAR,11.549637707796963
2015-02-01,ZAR,11.571806144714355
2015-03-01,ZAR,12.05122540213845
2015-04-01,ZAR,11.990390127355402
2015-05-01,ZAR,11.954449835277739
2015-06-01,ZAR,12.290386416695334
2015-07-01,ZAR,12.4321056863536
2015-08-01,ZAR,12.901765777951194
2015-09-01,ZAR,13.62617085196755
2015-10-01,ZAR,13.498597275127064
2015-11-01,ZAR,14.108499481564476
2015-12-01,ZAR,14.951790809631348
2016-01-01,ZAR,16.326696032569522
2016-02-01,ZAR,15.764750117347354
2016-03-01,ZAR,15.394858235898225
2016-04-01,ZAR,14.605648585728236
2016-05-01,ZAR,15.276965878226541
2016-06-01,ZAR,15.078269178217107
2016-07-01,ZAR,14.42964285895938
2016-08-01,ZAR,13.744143361630647
2016-09-01,ZAR,14.06691685589877
2016-10-01,ZAR,13.916614850362143
2016-11-01,ZAR,13.896324547854336
2016-12-01,ZAR,13.856798605485396
2017-01-01,ZAR,13.570056698539041
2017-02-01,ZAR,13.1892644405365
2017-03-01,ZAR,12.927194719729217
2017-04-01,ZAR,13.428903913497924
2017-05-01,ZAR,13.268368762472402
2017-06-01,ZAR,12.888995907523416
2017-07-01,ZAR,13.11006302833557
2017-08-01,ZAR,13.228404874386994
2017-09-01,ZAR,13.134269078572592
2017-10-01,ZAR,13.673237280412154
2017-11-01,ZAR,14.055973325456891
2017-12-01,ZAR,13.13680617014567
2018-01-01,ZAR,12.19965130349864
2018-02-01,ZAR,11.816460514068604
2018-03-01,ZAR,11.82868818803267
2018-04-01,ZAR,12.063319024585542
2018-05-01,ZAR,12.521406546882961
2018-06-01,ZAR,13.27010627019973
2018-07-01,ZAR,13.39887051148848
2018-08-01,ZAR,14.044768706611965
2018-09-01,ZAR,14.788086032867431
2018-10-01,ZAR,14.493010479470957
2018-11-01,ZAR,14.102142290635543
2018-12-01,ZAR,14.246214321681432
2019-01-01,ZAR,13.864856429721998
2019-02-01,ZAR,13.774448537826538
2019-03-01,ZAR,14.355023792811803
2019-04-01,ZAR,14.1417818069458
2019-05-01,ZAR,14.4133600321683
2019-06-01,ZAR,14.586679553985595
2019-07-01,ZAR,14.03155397332233
2019-08-01,ZAR,15.14050089229237
2019-09-01,ZAR,14.851918947129022
2019-10-01,ZAR,14.910526980524478
2019-11-01,ZAR,14.79870573679606
2019-12-01,ZAR,14.409676811911844
2020-01-01,ZAR,14.35927088364311
2020-02-01,ZAR,14.997323083877564
2020-03-01,ZAR,16.60867305235429
2020-04-01,ZAR,18.524806369434703
2020-05-01,ZAR,18.182627360026043
2020-06-01,ZAR,17.108713670210406
2020-07-01,ZAR,16.756181136421535
2020-08-01,ZAR,17.238825752621604
2020-09-01,ZAR,16.718121181834828
2020-10-01,ZAR,16.449004086581144
2020-11-01,ZAR,15.539817492167154
2020-12-01,ZAR,14.889127441074537
2021-01-01,ZAR,15.074235779898506
2021-02-01,ZAR,14.750654077529907
2021-03-01,ZAR,14.972256577533225
2021-04-01,ZAR,14.409352692690762
2021-05-01,ZAR,14.06960764385405
2021-06-01,ZAR,13.895630489696156
2021-07-01,ZAR,14.480425401167436
2021-08-01,ZAR,14.76002550125122
2021-09-01,ZAR,14.539491913535379
2021-10-01,ZAR,14.832861446198963
2021-11-01,ZAR,15.485153675079346
2021-12-01,ZAR,15.845161728236986
2022-01-01,ZAR,15.485313279288155
2022-02-01,ZAR,15.207720947265624
2022-03-01,ZAR,14.962652662526006
2022-04-01,ZAR,14.96647716703869
2022-05-01,ZAR,15.880011298439719
2022-06-01,ZAR,15.774872606450861
2022-07-01,ZAR,16.805876958937873
2022-08-01,ZAR,16.667338412740957
2022-09-01,ZAR,17.526283610950816
2022-10-01,ZAR,18.062031791323708
2022-11-01,ZAR,17.49389041553844
2022-12-01,ZAR,17.246472532098945
2023-01-01,ZAR,17.026025772094727
2023-02-01,ZAR,17.838816356658935
2023-03-01,ZAR,18.247003140656844
2023-04-01,ZAR,18.14311017990112
2023-05-01,ZAR,18.97535572881284
2023-06-01,ZAR,18.736483400518242
2023-07-01,ZAR,18.18987882704962
2023-08-01,ZAR,18.720864752064582
2023-09-01,ZAR,18.9651422954741
2023-10-01,ZAR,19.02901805530895
2023-11-01,ZAR,18.51478082483465
2023-12-01,ZAR,18.613678069341752
2024-01-01,ZAR,18.740895561549973
2024-02-01,ZAR,18.96513475690569
2024-03-01,ZAR,18.847563879830496
2024-04-01,ZAR,18.870506373318758
2024-05-01,ZAR,18.39719249891198
2024-06-01,ZAR,18.409926223754884
2024-07-01,ZAR,18.22382512299911
2024-08-01,ZAR,18.045823097229004
2024-09-01,ZAR,17.60869870867048
2024-10-01,ZAR,17.55606460571289
2024-11-01,ZAR,17.735225995381672
2024-12-01,ZAR,18.200034748424184
2025-01-01,ZAR,18.446118744936857
2025-02-01,ZAR,18.48527545928955
2025-03-01,ZAR,18.27413014003209
2025-04-01,ZAR,18.90795154571533
2025-05-01,ZAR,18.12272357940674
2025-06-01,ZAR,17.83015995933896
2025-07-01,ZAR,17.73530570320461
2025-08-01,ZAR,17.710791905721027
2025-09-01,ZAR,17.4430814222856
2025-10-01,ZAR,17.270169050797172
2025-11-01,ZAR,17.296453714370728
2014-01-01,ZMW,5.491804330245309
2014-02-01,ZMW,5.651694965362549
2014-03-01,ZMW,6.037552402133033
2014-04-01,ZMW,6.156377272172407
2014-05-01,ZMW,6.5898590738123115
2014-06-01,ZMW,6.313485713232131
2014-07-01,ZMW,6.121026080587636
2014-08-01,ZMW,6.079428627377465
2014-09-01,ZMW,6.114518165588379
2014-10-01,ZMW,6.292534703793733
2014-11-01,ZMW,6.311935019493103
2014-12-01,ZMW,6.302504394365394
2015-01-01,ZMW,6.43649545582858
2015-02-01,ZMW,6.705205011367798
2015-03-01,ZMW,7.283118182962591
2015-04-01,ZMW,7.36366360837763
2015-05-01,ZMW,7.22894287109375
2015-06-01,ZMW,7.278859095139937
2015-07-01,ZMW,7.618495671645455
2015-08-01,ZMW,7.977828570774624
2015-09-01,ZMW,10.064663670279764
2015-10-01,ZMW,11.97327271374789
2015-11-01,ZMW,12.279571396963936
2015-12-01,ZMW,10.75786951313848
2016-01-01,ZMW,11.070857093447732
2016-02-01,ZMW,11.283523832048688
2016-03-01,ZMW,11.29808699566385
2016-04-01,ZMW,9.776490393139067
2016-05-01,ZMW,9.9675818790089
2016-06-01,ZMW,10.690590901808305
2016-07-01,ZMW,9.830404735746837
2016-08-01,ZMW,10.02275218134341
2016-09-01,ZMW,9.918559074401855
2016-10-01,ZMW,9.861723899841309
2016-11-01,ZMW,9.786686463789506
2016-12-01,ZMW,9.793672691692006
2017-01-01,ZMW,9.881672729145397
2017-02-01,ZMW,9.734570074081422
2017-03-01,ZMW,9.549091339111328
2017-04-01,ZMW,9.412104988098145
2017-05-01,ZMW,9.215082624684209
2017-06-01,ZMW,9.194968136874111
2017-07-01,ZMW,8.886705017089843
2017-08-01,ZMW,8.955273918483568
2017-09-01,ZMW,9.34580475943429
2017-10-01,ZMW,9.715795473618941
2017-11-01,ZMW,9.992947760082426
2017-12-01,ZMW,9.96625704992385
2018-01-01,ZMW,9.808952290078867
2018-02-01,ZMW,9.763840007781983
2018-03-01,ZMW,9.584404511885209
2018-04-01,ZMW,9.477519035339355
2018-05-01,ZMW,10.069700075232465
2018-06-01,ZMW,10.03779529389881
2018-07-01,ZMW,9.870559128847988
2018-08-01,ZMW,10.062665358833645
2018-09-01,ZMW,10.854300022125244
2018-10-01,ZMW,11.869869646818742
2018-11-01,ZMW,11.818454525687478
2018-12-01,ZMW,11.90376190912156
2019-01-01,ZMW,11.91856512816056
2019-02-01,ZMW,11.89229998588562
2019-03-01,ZMW,12.00885718209403
2019-04-01,ZMW,12.262727303938432
2019-05-01,ZMW,13.128363565965133
2019-06-01,ZMW,13.03780002593994
2019-07-01,ZMW,12.723478358724844
2019-08-01,ZMW,13.003227407282049
2019-09-01,ZMW,13.127857208251953
2019-10-01,ZMW,13.138338171917459
2019-11-01,ZMW,13.882256553286599
2019-12-01,ZMW,14.319934801621871
2020-01-01,ZMW,14.325287072554879
2020-02-01,ZMW,14.63728837966919
2020-03-01,ZMW,16.253587679429486
2020-04-01,ZMW,18.527178330854937
2020-05-01,ZMW,18.203829629080637
2020-06-01,ZMW,18.078624291853473
2020-07-01,ZMW,18.082447383714758
2020-08-01,ZMW,18.658298038301012
2020-09-01,ZMW,19.78305149078369
2020-10-01,ZMW,20.136947891928934
2020-11-01,ZMW,20.790183203560964
2020-12-01,ZMW,21.050977458124574
2021-01-01,ZMW,21.25071362086705
2021-02-01,ZMW,21.551368045806885
2021-03-01,ZMW,21.936162865680195
2021-04-01,ZMW,22.133073113181375
2021-05-01,ZMW,22.37955765497117
2021-06-01,ZMW,22.532944852655586
2021-07-01,ZMW,21.873471866954457
2021-08-01,ZMW,18.247806895862926
2021-09-01,ZMW,16.28961771184748
2021-10-01,ZMW,16.979754220871698
2021-11-01,ZMW,17.47825561870228
2021-12-01,ZMW,16.76269999794338
2022-01-01,ZMW,17.140436535789853
2022-02-01,ZMW,18.055584526062013
2022-03-01,ZMW,17.862947961558465
2022-04-01,ZMW,17.378167651948473
2022-05-01,ZMW,17.013100624084473
2022-06-01,ZMW,16.967211203141645
2022-07-01,ZMW,16.42361323038737
2022-08-01,ZMW,16.069892551587976
2022-09-01,ZMW,15.530949505892666
2022-10-01,ZMW,15.861677487691244
2022-11-01,ZMW,16.46075543490323
2022-12-01,ZMW,17.534209164706144
2023-01-01,ZMW,18.419085242531516
2023-02-01,ZMW,19.302770328521728
2023-03-01,ZMW,20.48197837497877
2023-04-01,ZMW,18.669904899597167
2023-05-01,ZMW,18.471716092980426
2023-06-01,ZMW,18.725394682450727
2023-07-01,ZMW,18.44308062962123
2023-08-01,ZMW,19.344775324282438
2023-09-01,ZMW,20.647652398972284
2023-10-01,ZMW,21.43217945098877
2023-11-01,ZMW,22.843392025340687
2023-12-01,ZMW,24.670227595738
2024-01-01,ZMW,26.207078602003016
2024-02-01,ZMW,25.276187442597887
2024-03-01,ZMW,24.817729314168293
2024-04-01,ZMW,25.257961359891024
2024-05-01,ZMW,26.469961581022844
2024-06-01,ZMW,25.94491844177246
2024-07-01,ZMW,25.3061291238536
2024-08-01,ZMW,25.980258681557395
2024-09-01,ZMW,26.30817495073591
2024-10-01,ZMW,26.449689284614895
2024-11-01,ZMW,27.237777165004186
2024-12-01,ZMW,27.428343079306863
2025-01-01,ZMW,27.787750937721945
2025-02-01,ZMW,28.07926826477051
2025-03-01,ZMW,28.61460204351516
2025-04-01,ZMW,28.076953601837157
2025-05-01,ZMW,26.96255519173362
2025-06-01,ZMW,24.5556397210984
2025-07-01,ZMW,23.436488441798996
2025-08-01,ZMW,23.080309640793573
2025-09-01,ZMW,23.670284791426226
2025-10-01,ZMW,22.789420998614766
2025-11-01,ZMW,22.3866229057312
